comparison_index,comparison_id,analysis_workload_id,proposed_method_id,comparator_method_id,paired_task_count,proposed_executed_event_count,comparator_executed_event_count,proposed_observation_availability_rate,comparator_observation_availability_rate,proposed_observed_hard_rate,comparator_observed_hard_rate,complete_task_pair_count,complete_cluster_count,complete_pair_effect_comparator_minus_proposed,fas_effect_lower_bound,fas_effect_upper_bound,practical_margin,complete_method_comparison_allowed,analysis_interpretation,analysis_status
1,E1_STATIC__F22_MG_STATIC__VS__MATCHED_FIXED_DE_PARETO,E1_STATIC,F22_MG_STATIC,MATCHED_FIXED_DE_PARETO,140,0,0,,,,,0,0,,,,0.01,false,NOT_APPLICABLE_NO_EXECUTED_EVENTS,PRE_R10_SUPPORTING_DESCRIPTIVE_RESULT_AWARE__NO_NEW_CONFIRMATORY_INFERENCE
2,E1_STATIC__F22_MG_STATIC__VS__MATCHED_JDE_STYLE_PARETO,E1_STATIC,F22_MG_STATIC,MATCHED_JDE_STYLE_PARETO,140,0,0,,,,,0,0,,,,0.01,false,NOT_APPLICABLE_NO_EXECUTED_EVENTS,PRE_R10_SUPPORTING_DESCRIPTIVE_RESULT_AWARE__NO_NEW_CONFIRMATORY_INFERENCE
3,E1_STATIC__F22_MG_STATIC__VS__MATCHED_SHADE_STYLE_PARETO,E1_STATIC,F22_MG_STATIC,MATCHED_SHADE_STYLE_PARETO,140,0,0,,,,,0,0,,,,0.01,false,NOT_APPLICABLE_NO_EXECUTED_EVENTS,PRE_R10_SUPPORTING_DESCRIPTIVE_RESULT_AWARE__NO_NEW_CONFIRMATORY_INFERENCE
4,E1_STATIC__F22_MG_STATIC__VS__JMETALPY_1_7_GDE3_STANDARD_PARETO_DE,E1_STATIC,F22_MG_STATIC,JMETALPY_1_7_GDE3_STANDARD_PARETO_DE,140,0,0,,,,,0,0,,,,0.01,false,NOT_APPLICABLE_NO_EXECUTED_EVENTS,PRE_R10_SUPPORTING_DESCRIPTIVE_RESULT_AWARE__NO_NEW_CONFIRMATORY_INFERENCE
5,E1_STATIC__F22_MG_STATIC__VS__JMETALPY_1_7_NSGAII_STATIC_CMOEA,E1_STATIC,F22_MG_STATIC,JMETALPY_1_7_NSGAII_STATIC_CMOEA,140,0,0,,,,,0,0,,,,0.01,false,NOT_APPLICABLE_NO_EXECUTED_EVENTS,PRE_R10_SUPPORTING_DESCRIPTIVE_RESULT_AWARE__NO_NEW_CONFIRMATORY_INFERENCE
6,E1_DYNAMIC__DT-RAMDE_TS2_FULL__VS__MATCHED_FIXED_DE_PARETO,E1_DYNAMIC,DT-RAMDE_TS2_FULL,MATCHED_FIXED_DE_PARETO,150,9000,9000,0,0,,,0,0,,-1,1,0.01,false,METHOD_RELATED_MISSINGNESS__COMPLETE_COMPARISON_NOT_ALLOWED,PRE_R10_SUPPORTING_DESCRIPTIVE_RESULT_AWARE__NO_NEW_CONFIRMATORY_INFERENCE
7,E1_DYNAMIC__DT-RAMDE_TS2_FULL__VS__MATCHED_JDE_STYLE_PARETO,E1_DYNAMIC,DT-RAMDE_TS2_FULL,MATCHED_JDE_STYLE_PARETO,150,9000,9000,0,0,,,0,0,,-1,1,0.01,false,METHOD_RELATED_MISSINGNESS__COMPLETE_COMPARISON_NOT_ALLOWED,PRE_R10_SUPPORTING_DESCRIPTIVE_RESULT_AWARE__NO_NEW_CONFIRMATORY_INFERENCE
8,E1_DYNAMIC__DT-RAMDE_TS2_FULL__VS__MATCHED_SHADE_STYLE_PARETO,E1_DYNAMIC,DT-RAMDE_TS2_FULL,MATCHED_SHADE_STYLE_PARETO,150,9000,9000,0,0,,,0,0,,-1,1,0.01,false,METHOD_RELATED_MISSINGNESS__COMPLETE_COMPARISON_NOT_ALLOWED,PRE_R10_SUPPORTING_DESCRIPTIVE_RESULT_AWARE__NO_NEW_CONFIRMATORY_INFERENCE
9,E1_DYNAMIC__DT-RAMDE_TS2_FULL__VS__JMETALPY_1_7_GDE3_STANDARD_PARETO_DE,E1_DYNAMIC,DT-RAMDE_TS2_FULL,JMETALPY_1_7_GDE3_STANDARD_PARETO_DE,150,9000,9000,0,0,,,0,0,,-1,1,0.01,false,METHOD_RELATED_MISSINGNESS__COMPLETE_COMPARISON_NOT_ALLOWED,PRE_R10_SUPPORTING_DESCRIPTIVE_RESULT_AWARE__NO_NEW_CONFIRMATORY_INFERENCE
10,E1_DYNAMIC__DT-RAMDE_TS2_FULL__VS__JMETALPY_1_7_NSGAII_DYNAMIC_RESTART_BRIDGE,E1_DYNAMIC,DT-RAMDE_TS2_FULL,JMETALPY_1_7_NSGAII_DYNAMIC_RESTART_BRIDGE,150,9000,9000,0,0,,,0,0,,-1,1,0.01,false,METHOD_RELATED_MISSINGNESS__COMPLETE_COMPARISON_NOT_ALLOWED,PRE_R10_SUPPORTING_DESCRIPTIVE_RESULT_AWARE__NO_NEW_CONFIRMATORY_INFERENCE
11,E1_ROLLING__DT-RAMDE_TS2_FULL__VS__MATCHED_FIXED_DE_PARETO,E1_ROLLING,DT-RAMDE_TS2_FULL,MATCHED_FIXED_DE_PARETO,160,3200,3200,0.74843749999999998,0.91874999999999996,0.042588726513569937,0.022789115646258504,46,13,-0.0057692307692307678,-0.26250000000000001,0.0703125,0.01,false,METHOD_RELATED_MISSINGNESS__COMPLETE_COMPARISON_NOT_ALLOWED,PRE_R10_SUPPORTING_DESCRIPTIVE_RESULT_AWARE__NO_NEW_CONFIRMATORY_INFERENCE
12,E1_ROLLING__DT-RAMDE_TS2_FULL__VS__MATCHED_JDE_STYLE_PARETO,E1_ROLLING,DT-RAMDE_TS2_FULL,MATCHED_JDE_STYLE_PARETO,160,3200,3200,0.74843749999999998,0.90937500000000004,0.042588726513569937,0.042611683848797252,46,13,0.0012820512820512823,-0.2446875,0.097500000000000003,0.01,false,METHOD_RELATED_MISSINGNESS__COMPLETE_COMPARISON_NOT_ALLOWED,PRE_R10_SUPPORTING_DESCRIPTIVE_RESULT_AWARE__NO_NEW_CONFIRMATORY_INFERENCE
13,E1_ROLLING__DT-RAMDE_TS2_FULL__VS__MATCHED_SHADE_STYLE_PARETO,E1_ROLLING,DT-RAMDE_TS2_FULL,MATCHED_SHADE_STYLE_PARETO,160,3200,3200,0.74843749999999998,0.91874999999999996,0.042588726513569937,0.029931972789115645,46,13,-0.00032051282051282019,-0.25593749999999998,0.076874999999999999,0.01,false,METHOD_RELATED_MISSINGNESS__COMPLETE_COMPARISON_NOT_ALLOWED,PRE_R10_SUPPORTING_DESCRIPTIVE_RESULT_AWARE__NO_NEW_CONFIRMATORY_INFERENCE
14,E1_ROLLING__DT-RAMDE_TS2_FULL__VS__JMETALPY_1_7_GDE3_STANDARD_PARETO_DE,E1_ROLLING,DT-RAMDE_TS2_FULL,JMETALPY_1_7_GDE3_STANDARD_PARETO_DE,160,3200,3200,0.74843749999999998,0.91874999999999996,0.042588726513569937,0.032653061224489799,46,13,-0.00096153846153846029,-0.25343749999999998,0.079375000000000001,0.01,false,METHOD_RELATED_MISSINGNESS__COMPLETE_COMPARISON_NOT_ALLOWED,PRE_R10_SUPPORTING_DESCRIPTIVE_RESULT_AWARE__NO_NEW_CONFIRMATORY_INFERENCE
15,E1_ROLLING__DT-RAMDE_TS2_FULL__VS__JMETALPY_1_7_NSGAII_DYNAMIC_RESTART_BRIDGE,E1_ROLLING,DT-RAMDE_TS2_FULL,JMETALPY_1_7_NSGAII_DYNAMIC_RESTART_BRIDGE,160,3200,3200,0.74843749999999998,0.890625,0.042588726513569937,0.067017543859649129,45,13,0.033974358974358972,-0.22375,0.13718750000000002,0.01,false,METHOD_RELATED_MISSINGNESS__COMPLETE_COMPARISON_NOT_ALLOWED,PRE_R10_SUPPORTING_DESCRIPTIVE_RESULT_AWARE__NO_NEW_CONFIRMATORY_INFERENCE
16,E2_DYNAMIC__DT-RAMDE_TS2_FULL__VS__NO_CROSS_EVENT_MEMORY,E2_DYNAMIC,DT-RAMDE_TS2_FULL,NO_CROSS_EVENT_MEMORY,150,9000,9000,0,0,,,0,0,,-1,1,0.01,false,METHOD_RELATED_MISSINGNESS__COMPLETE_COMPARISON_NOT_ALLOWED,PRE_R10_SUPPORTING_DESCRIPTIVE_RESULT_AWARE__NO_NEW_CONFIRMATORY_INFERENCE
17,E2_DYNAMIC__DT-RAMDE_TS2_FULL__VS__NO_REJECTION_CREDIT,E2_DYNAMIC,DT-RAMDE_TS2_FULL,NO_REJECTION_CREDIT,150,9000,9000,0,0,,,0,0,,-1,1,0.01,false,METHOD_RELATED_MISSINGNESS__COMPLETE_COMPARISON_NOT_ALLOWED,PRE_R10_SUPPORTING_DESCRIPTIVE_RESULT_AWARE__NO_NEW_CONFIRMATORY_INFERENCE
18,E2_DYNAMIC__DT-RAMDE_TS2_FULL__VS__NO_MEMORY_RESET_GATE,E2_DYNAMIC,DT-RAMDE_TS2_FULL,NO_MEMORY_RESET_GATE,150,9000,9000,0,0,,,0,0,,-1,1,0.01,false,METHOD_RELATED_MISSINGNESS__COMPLETE_COMPARISON_NOT_ALLOWED,PRE_R10_SUPPORTING_DESCRIPTIVE_RESULT_AWARE__NO_NEW_CONFIRMATORY_INFERENCE
19,E2_DYNAMIC__DT-RAMDE_TS2_FULL__VS__NO_LINEAGE_CREDIT,E2_DYNAMIC,DT-RAMDE_TS2_FULL,NO_LINEAGE_CREDIT,150,9000,9000,0,0,,,0,0,,-1,1,0.01,false,METHOD_RELATED_MISSINGNESS__COMPLETE_COMPARISON_NOT_ALLOWED,PRE_R10_SUPPORTING_DESCRIPTIVE_RESULT_AWARE__NO_NEW_CONFIRMATORY_INFERENCE
20,E2_DYNAMIC__DT-RAMDE_TS2_FULL__VS__CROSS_EVENT_WARM_START_ONLY,E2_DYNAMIC,DT-RAMDE_TS2_FULL,CROSS_EVENT_WARM_START_ONLY,150,9000,9000,0,0,,,0,0,,-1,1,0.01,false,METHOD_RELATED_MISSINGNESS__COMPLETE_COMPARISON_NOT_ALLOWED,PRE_R10_SUPPORTING_DESCRIPTIVE_RESULT_AWARE__NO_NEW_CONFIRMATORY_INFERENCE
21,E2_DYNAMIC__DT-RAMDE_TS2_FULL__VS__CROSS_EVENT_MEMORY_ONLY,E2_DYNAMIC,DT-RAMDE_TS2_FULL,CROSS_EVENT_MEMORY_ONLY,150,9000,9000,0,0,,,0,0,,-1,1,0.01,false,METHOD_RELATED_MISSINGNESS__COMPLETE_COMPARISON_NOT_ALLOWED,PRE_R10_SUPPORTING_DESCRIPTIVE_RESULT_AWARE__NO_NEW_CONFIRMATORY_INFERENCE
22,E2_DYNAMIC__DT-RAMDE_TS2_FULL__VS__SHADE_ONLY,E2_DYNAMIC,DT-RAMDE_TS2_FULL,SHADE_ONLY,150,9000,9000,0,0,,,0,0,,-1,1,0.01,false,METHOD_RELATED_MISSINGNESS__COMPLETE_COMPARISON_NOT_ALLOWED,PRE_R10_SUPPORTING_DESCRIPTIVE_RESULT_AWARE__NO_NEW_CONFIRMATORY_INFERENCE
23,E2_ROLLING__DT-RAMDE_TS2_FULL__VS__NO_CROSS_EVENT_MEMORY,E2_ROLLING,DT-RAMDE_TS2_FULL,NO_CROSS_EVENT_MEMORY,160,3200,3200,0.74843749999999998,0.75687499999999996,0.042588726513569937,0.045417010734929812,33,10,0.015833333333333331,-0.24906249999999999,0.24562500000000001,0.01,false,METHOD_RELATED_MISSINGNESS__COMPLETE_COMPARISON_NOT_ALLOWED,PRE_R10_SUPPORTING_DESCRIPTIVE_RESULT_AWARE__NO_NEW_CONFIRMATORY_INFERENCE
24,E2_ROLLING__DT-RAMDE_TS2_FULL__VS__NO_EXECUTION_FEEDBACK,E2_ROLLING,DT-RAMDE_TS2_FULL,NO_EXECUTION_FEEDBACK,160,3200,3200,0.74843749999999998,0.72343749999999996,0.042588726513569937,0.050971922246220304,31,10,0.015416666666666667,-0.24656249999999999,0.28156249999999999,0.01,false,METHOD_RELATED_MISSINGNESS__COMPLETE_COMPARISON_NOT_ALLOWED,PRE_R10_SUPPORTING_DESCRIPTIVE_RESULT_AWARE__NO_NEW_CONFIRMATORY_INFERENCE
25,E2_ROLLING__DT-RAMDE_TS2_FULL__VS__NO_REJECTION_CREDIT,E2_ROLLING,DT-RAMDE_TS2_FULL,NO_REJECTION_CREDIT,160,3200,3200,0.74843749999999998,0.71937499999999999,0.042588726513569937,0.040399652476107731,32,11,0.016666666666666666,-0.25437500000000002,0.27781250000000002,0.01,false,METHOD_RELATED_MISSINGNESS__COMPLETE_COMPARISON_NOT_ALLOWED,PRE_R10_SUPPORTING_DESCRIPTIVE_RESULT_AWARE__NO_NEW_CONFIRMATORY_INFERENCE
26,E2_ROLLING__DT-RAMDE_TS2_FULL__VS__NO_MEMORY_RESET_GATE,E2_ROLLING,DT-RAMDE_TS2_FULL,NO_MEMORY_RESET_GATE,160,3200,3200,0.74843749999999998,0.69093749999999998,0.042588726513569937,0.05110809588421529,30,9,0.031481481481481485,-0.24812500000000001,0.3125,0.01,false,METHOD_RELATED_MISSINGNESS__COMPLETE_COMPARISON_NOT_ALLOWED,PRE_R10_SUPPORTING_DESCRIPTIVE_RESULT_AWARE__NO_NEW_CONFIRMATORY_INFERENCE
27,E2_ROLLING__DT-RAMDE_TS2_FULL__VS__NO_LINEAGE_CREDIT,E2_ROLLING,DT-RAMDE_TS2_FULL,NO_LINEAGE_CREDIT,160,3200,3200,0.74843749999999998,0.74687499999999996,0.042588726513569937,0.040167364016736401,33,10,-0.011666666666666665,-0.25343749999999998,0.25125000000000003,0.01,false,METHOD_RELATED_MISSINGNESS__COMPLETE_COMPARISON_NOT_ALLOWED,PRE_R10_SUPPORTING_DESCRIPTIVE_RESULT_AWARE__NO_NEW_CONFIRMATORY_INFERENCE
28,E2_ROLLING__DT-RAMDE_TS2_FULL__VS__CROSS_EVENT_WARM_START_ONLY,E2_ROLLING,DT-RAMDE_TS2_FULL,CROSS_EVENT_WARM_START_ONLY,160,3200,3200,0.74843749999999998,0.71531250000000002,0.042588726513569937,0.049803407601572737,28,10,0.014999999999999999,-0.24781249999999999,0.28843750000000001,0.01,false,METHOD_RELATED_MISSINGNESS__COMPLETE_COMPARISON_NOT_ALLOWED,PRE_R10_SUPPORTING_DESCRIPTIVE_RESULT_AWARE__NO_NEW_CONFIRMATORY_INFERENCE
29,E2_ROLLING__DT-RAMDE_TS2_FULL__VS__CROSS_EVENT_MEMORY_ONLY,E2_ROLLING,DT-RAMDE_TS2_FULL,CROSS_EVENT_MEMORY_ONLY,160,3200,3200,0.74843749999999998,0.75124999999999997,0.042588726513569937,0.043261231281198007,30,9,0.0055555555555555558,-0.25093749999999998,0.24937500000000001,0.01,false,METHOD_RELATED_MISSINGNESS__COMPLETE_COMPARISON_NOT_ALLOWED,PRE_R10_SUPPORTING_DESCRIPTIVE_RESULT_AWARE__NO_NEW_CONFIRMATORY_INFERENCE
30,E2_ROLLING__DT-RAMDE_TS2_FULL__VS__SHADE_ONLY,E2_ROLLING,DT-RAMDE_TS2_FULL,SHADE_ONLY,160,3200,3200,0.74843749999999998,0.76187499999999997,0.042588726513569937,0.035684987694831832,34,12,-0.0076388888888888886,-0.25624999999999998,0.23343749999999999,0.01,false,METHOD_RELATED_MISSINGNESS__COMPLETE_COMPARISON_NOT_ALLOWED,PRE_R10_SUPPORTING_DESCRIPTIVE_RESULT_AWARE__NO_NEW_CONFIRMATORY_INFERENCE
