comparison_index,comparison_id,analysis_workload_id,proposed_method_id,comparator_method_id,expected_top_level_clusters,available_top_level_clusters,paired_task_count,proposed_failure_rate_macro,comparator_failure_rate_macro,effect_comparator_minus_proposed,practical_margin,practical_effect_class,reject_safety_filter_effect,reject_budget_no_feasible_effect,reject_numerical_effect,other_nonaccepted_effect,confidence_interval,p_value,multiplicity,analysis_status
1,E1_STATIC__F22_MG_STATIC__VS__MATCHED_FIXED_DE_PARETO,E1_STATIC,F22_MG_STATIC,MATCHED_FIXED_DE_PARETO,14,14,140,0,0,0,0.02,SMALL_OR_NULL,0,0,0,0,NOT_GENERATED_PRE_R10,NOT_GENERATED_PRE_R10,NOT_APPLICABLE_SUPPORTING_DESCRIPTIVE,PRE_R10_SUPPORTING_DESCRIPTIVE_RESULT_AWARE__NO_NEW_CONFIRMATORY_INFERENCE
2,E1_STATIC__F22_MG_STATIC__VS__MATCHED_JDE_STYLE_PARETO,E1_STATIC,F22_MG_STATIC,MATCHED_JDE_STYLE_PARETO,14,14,140,0,0,0,0.02,SMALL_OR_NULL,0,0,0,0,NOT_GENERATED_PRE_R10,NOT_GENERATED_PRE_R10,NOT_APPLICABLE_SUPPORTING_DESCRIPTIVE,PRE_R10_SUPPORTING_DESCRIPTIVE_RESULT_AWARE__NO_NEW_CONFIRMATORY_INFERENCE
3,E1_STATIC__F22_MG_STATIC__VS__MATCHED_SHADE_STYLE_PARETO,E1_STATIC,F22_MG_STATIC,MATCHED_SHADE_STYLE_PARETO,14,14,140,0,0,0,0.02,SMALL_OR_NULL,0,0,0,0,NOT_GENERATED_PRE_R10,NOT_GENERATED_PRE_R10,NOT_APPLICABLE_SUPPORTING_DESCRIPTIVE,PRE_R10_SUPPORTING_DESCRIPTIVE_RESULT_AWARE__NO_NEW_CONFIRMATORY_INFERENCE
4,E1_STATIC__F22_MG_STATIC__VS__JMETALPY_1_7_GDE3_STANDARD_PARETO_DE,E1_STATIC,F22_MG_STATIC,JMETALPY_1_7_GDE3_STANDARD_PARETO_DE,14,14,140,0,0,0,0.02,SMALL_OR_NULL,0,0,0,0,NOT_GENERATED_PRE_R10,NOT_GENERATED_PRE_R10,NOT_APPLICABLE_SUPPORTING_DESCRIPTIVE,PRE_R10_SUPPORTING_DESCRIPTIVE_RESULT_AWARE__NO_NEW_CONFIRMATORY_INFERENCE
5,E1_STATIC__F22_MG_STATIC__VS__JMETALPY_1_7_NSGAII_STATIC_CMOEA,E1_STATIC,F22_MG_STATIC,JMETALPY_1_7_NSGAII_STATIC_CMOEA,14,14,140,0,0,0,0.02,SMALL_OR_NULL,0,0,0,0,NOT_GENERATED_PRE_R10,NOT_GENERATED_PRE_R10,NOT_APPLICABLE_SUPPORTING_DESCRIPTIVE,PRE_R10_SUPPORTING_DESCRIPTIVE_RESULT_AWARE__NO_NEW_CONFIRMATORY_INFERENCE
6,E1_DYNAMIC__DT-RAMDE_TS2_FULL__VS__MATCHED_FIXED_DE_PARETO,E1_DYNAMIC,DT-RAMDE_TS2_FULL,MATCHED_FIXED_DE_PARETO,15,15,150,0.045000000000000005,0.020111111111111111,-0.024888888888888894,0.02,NEGATIVE_FAVORS_COMPARATOR,0,0.010333333333333332,-0.035222222222222224,-3.7007434154171887e-19,NOT_GENERATED_PRE_R10,NOT_GENERATED_PRE_R10,NOT_APPLICABLE_SUPPORTING_DESCRIPTIVE,PRE_R10_SUPPORTING_DESCRIPTIVE_RESULT_AWARE__NO_NEW_CONFIRMATORY_INFERENCE
7,E1_DYNAMIC__DT-RAMDE_TS2_FULL__VS__MATCHED_JDE_STYLE_PARETO,E1_DYNAMIC,DT-RAMDE_TS2_FULL,MATCHED_JDE_STYLE_PARETO,15,15,150,0.045000000000000005,0.020111111111111111,-0.024888888888888894,0.02,NEGATIVE_FAVORS_COMPARATOR,0,0.010333333333333332,-0.035222222222222224,-3.7007434154171887e-19,NOT_GENERATED_PRE_R10,NOT_GENERATED_PRE_R10,NOT_APPLICABLE_SUPPORTING_DESCRIPTIVE,PRE_R10_SUPPORTING_DESCRIPTIVE_RESULT_AWARE__NO_NEW_CONFIRMATORY_INFERENCE
8,E1_DYNAMIC__DT-RAMDE_TS2_FULL__VS__MATCHED_SHADE_STYLE_PARETO,E1_DYNAMIC,DT-RAMDE_TS2_FULL,MATCHED_SHADE_STYLE_PARETO,15,15,150,0.045000000000000005,0.020111111111111111,-0.024888888888888894,0.02,NEGATIVE_FAVORS_COMPARATOR,0,0.010333333333333332,-0.035222222222222224,-3.7007434154171887e-19,NOT_GENERATED_PRE_R10,NOT_GENERATED_PRE_R10,NOT_APPLICABLE_SUPPORTING_DESCRIPTIVE,PRE_R10_SUPPORTING_DESCRIPTIVE_RESULT_AWARE__NO_NEW_CONFIRMATORY_INFERENCE
9,E1_DYNAMIC__DT-RAMDE_TS2_FULL__VS__JMETALPY_1_7_GDE3_STANDARD_PARETO_DE,E1_DYNAMIC,DT-RAMDE_TS2_FULL,JMETALPY_1_7_GDE3_STANDARD_PARETO_DE,15,15,150,0.045000000000000005,0,-0.045000000000000005,0.02,NEGATIVE_FAVORS_COMPARATOR,0,0,-0.045000000000000005,0,NOT_GENERATED_PRE_R10,NOT_GENERATED_PRE_R10,NOT_APPLICABLE_SUPPORTING_DESCRIPTIVE,PRE_R10_SUPPORTING_DESCRIPTIVE_RESULT_AWARE__NO_NEW_CONFIRMATORY_INFERENCE
10,E1_DYNAMIC__DT-RAMDE_TS2_FULL__VS__JMETALPY_1_7_NSGAII_DYNAMIC_RESTART_BRIDGE,E1_DYNAMIC,DT-RAMDE_TS2_FULL,JMETALPY_1_7_NSGAII_DYNAMIC_RESTART_BRIDGE,15,15,150,0.045000000000000005,0,-0.045000000000000005,0.02,NEGATIVE_FAVORS_COMPARATOR,0,0,-0.045000000000000005,0,NOT_GENERATED_PRE_R10,NOT_GENERATED_PRE_R10,NOT_APPLICABLE_SUPPORTING_DESCRIPTIVE,PRE_R10_SUPPORTING_DESCRIPTIVE_RESULT_AWARE__NO_NEW_CONFIRMATORY_INFERENCE
11,E1_ROLLING__DT-RAMDE_TS2_FULL__VS__MATCHED_FIXED_DE_PARETO,E1_ROLLING,DT-RAMDE_TS2_FULL,MATCHED_FIXED_DE_PARETO,32,32,160,0.201875,0.021874999999999999,-0.17999999999999999,0.02,NEGATIVE_FAVORS_COMPARATOR,-0.15375,-0.026249999999999999,0,-5.2041704279304211e-19,NOT_GENERATED_PRE_R10,NOT_GENERATED_PRE_R10,NOT_APPLICABLE_SUPPORTING_DESCRIPTIVE,PRE_R10_SUPPORTING_DESCRIPTIVE_RESULT_AWARE__NO_NEW_CONFIRMATORY_INFERENCE
12,E1_ROLLING__DT-RAMDE_TS2_FULL__VS__MATCHED_JDE_STYLE_PARETO,E1_ROLLING,DT-RAMDE_TS2_FULL,MATCHED_JDE_STYLE_PARETO,32,32,160,0.201875,0.03125,-0.170625,0.02,NEGATIVE_FAVORS_COMPARATOR,-0.14812500000000001,-0.022499999999999999,0,-1.3877787807814458e-18,NOT_GENERATED_PRE_R10,NOT_GENERATED_PRE_R10,NOT_APPLICABLE_SUPPORTING_DESCRIPTIVE,PRE_R10_SUPPORTING_DESCRIPTIVE_RESULT_AWARE__NO_NEW_CONFIRMATORY_INFERENCE
13,E1_ROLLING__DT-RAMDE_TS2_FULL__VS__MATCHED_SHADE_STYLE_PARETO,E1_ROLLING,DT-RAMDE_TS2_FULL,MATCHED_SHADE_STYLE_PARETO,32,32,160,0.201875,0.021874999999999999,-0.17999999999999999,0.02,NEGATIVE_FAVORS_COMPARATOR,-0.15375,-0.026249999999999999,0,-5.2041704279304211e-19,NOT_GENERATED_PRE_R10,NOT_GENERATED_PRE_R10,NOT_APPLICABLE_SUPPORTING_DESCRIPTIVE,PRE_R10_SUPPORTING_DESCRIPTIVE_RESULT_AWARE__NO_NEW_CONFIRMATORY_INFERENCE
14,E1_ROLLING__DT-RAMDE_TS2_FULL__VS__JMETALPY_1_7_GDE3_STANDARD_PARETO_DE,E1_ROLLING,DT-RAMDE_TS2_FULL,JMETALPY_1_7_GDE3_STANDARD_PARETO_DE,32,32,160,0.201875,0.021874999999999999,-0.17999999999999999,0.02,NEGATIVE_FAVORS_COMPARATOR,-0.15375,-0.026249999999999999,0,-5.2041704279304211e-19,NOT_GENERATED_PRE_R10,NOT_GENERATED_PRE_R10,NOT_APPLICABLE_SUPPORTING_DESCRIPTIVE,PRE_R10_SUPPORTING_DESCRIPTIVE_RESULT_AWARE__NO_NEW_CONFIRMATORY_INFERENCE
15,E1_ROLLING__DT-RAMDE_TS2_FULL__VS__JMETALPY_1_7_NSGAII_DYNAMIC_RESTART_BRIDGE,E1_ROLLING,DT-RAMDE_TS2_FULL,JMETALPY_1_7_NSGAII_DYNAMIC_RESTART_BRIDGE,32,32,160,0.201875,0.050000000000000003,-0.15187500000000001,0.02,NEGATIVE_FAVORS_COMPARATOR,-0.13375000000000001,-0.018124999999999999,0,-1.7347234759768057e-19,NOT_GENERATED_PRE_R10,NOT_GENERATED_PRE_R10,NOT_APPLICABLE_SUPPORTING_DESCRIPTIVE,PRE_R10_SUPPORTING_DESCRIPTIVE_RESULT_AWARE__NO_NEW_CONFIRMATORY_INFERENCE
16,E2_DYNAMIC__DT-RAMDE_TS2_FULL__VS__NO_CROSS_EVENT_MEMORY,E2_DYNAMIC,DT-RAMDE_TS2_FULL,NO_CROSS_EVENT_MEMORY,15,15,150,0.045000000000000005,0.045000000000000005,0,0.02,SMALL_OR_NULL,0,0,0,0,NOT_GENERATED_PRE_R10,NOT_GENERATED_PRE_R10,NOT_APPLICABLE_SUPPORTING_DESCRIPTIVE,PRE_R10_SUPPORTING_DESCRIPTIVE_RESULT_AWARE__NO_NEW_CONFIRMATORY_INFERENCE
17,E2_DYNAMIC__DT-RAMDE_TS2_FULL__VS__NO_REJECTION_CREDIT,E2_DYNAMIC,DT-RAMDE_TS2_FULL,NO_REJECTION_CREDIT,15,15,150,0.045000000000000005,0.045000000000000005,0,0.02,SMALL_OR_NULL,0,0,0,0,NOT_GENERATED_PRE_R10,NOT_GENERATED_PRE_R10,NOT_APPLICABLE_SUPPORTING_DESCRIPTIVE,PRE_R10_SUPPORTING_DESCRIPTIVE_RESULT_AWARE__NO_NEW_CONFIRMATORY_INFERENCE
18,E2_DYNAMIC__DT-RAMDE_TS2_FULL__VS__NO_MEMORY_RESET_GATE,E2_DYNAMIC,DT-RAMDE_TS2_FULL,NO_MEMORY_RESET_GATE,15,15,150,0.045000000000000005,0.045000000000000005,0,0.02,SMALL_OR_NULL,0,0,0,0,NOT_GENERATED_PRE_R10,NOT_GENERATED_PRE_R10,NOT_APPLICABLE_SUPPORTING_DESCRIPTIVE,PRE_R10_SUPPORTING_DESCRIPTIVE_RESULT_AWARE__NO_NEW_CONFIRMATORY_INFERENCE
19,E2_DYNAMIC__DT-RAMDE_TS2_FULL__VS__NO_LINEAGE_CREDIT,E2_DYNAMIC,DT-RAMDE_TS2_FULL,NO_LINEAGE_CREDIT,15,15,150,0.045000000000000005,0.045000000000000005,0,0.02,SMALL_OR_NULL,0,0,0,0,NOT_GENERATED_PRE_R10,NOT_GENERATED_PRE_R10,NOT_APPLICABLE_SUPPORTING_DESCRIPTIVE,PRE_R10_SUPPORTING_DESCRIPTIVE_RESULT_AWARE__NO_NEW_CONFIRMATORY_INFERENCE
20,E2_DYNAMIC__DT-RAMDE_TS2_FULL__VS__CROSS_EVENT_WARM_START_ONLY,E2_DYNAMIC,DT-RAMDE_TS2_FULL,CROSS_EVENT_WARM_START_ONLY,15,15,150,0.045000000000000005,0.045000000000000005,0,0.02,SMALL_OR_NULL,0,0,0,0,NOT_GENERATED_PRE_R10,NOT_GENERATED_PRE_R10,NOT_APPLICABLE_SUPPORTING_DESCRIPTIVE,PRE_R10_SUPPORTING_DESCRIPTIVE_RESULT_AWARE__NO_NEW_CONFIRMATORY_INFERENCE
21,E2_DYNAMIC__DT-RAMDE_TS2_FULL__VS__CROSS_EVENT_MEMORY_ONLY,E2_DYNAMIC,DT-RAMDE_TS2_FULL,CROSS_EVENT_MEMORY_ONLY,15,15,150,0.045000000000000005,0.045000000000000005,0,0.02,SMALL_OR_NULL,0,0,0,0,NOT_GENERATED_PRE_R10,NOT_GENERATED_PRE_R10,NOT_APPLICABLE_SUPPORTING_DESCRIPTIVE,PRE_R10_SUPPORTING_DESCRIPTIVE_RESULT_AWARE__NO_NEW_CONFIRMATORY_INFERENCE
22,E2_DYNAMIC__DT-RAMDE_TS2_FULL__VS__SHADE_ONLY,E2_DYNAMIC,DT-RAMDE_TS2_FULL,SHADE_ONLY,15,15,150,0.045000000000000005,0.045000000000000005,0,0.02,SMALL_OR_NULL,0,0,0,0,NOT_GENERATED_PRE_R10,NOT_GENERATED_PRE_R10,NOT_APPLICABLE_SUPPORTING_DESCRIPTIVE,PRE_R10_SUPPORTING_DESCRIPTIVE_RESULT_AWARE__NO_NEW_CONFIRMATORY_INFERENCE
23,E2_ROLLING__DT-RAMDE_TS2_FULL__VS__NO_CROSS_EVENT_MEMORY,E2_ROLLING,DT-RAMDE_TS2_FULL,NO_CROSS_EVENT_MEMORY,32,32,160,0.201875,0.18812499999999999,-0.013749999999999998,0.02,SMALL_OR_NULL,-0.018437500000000002,0.0046875000000000007,0,0,NOT_GENERATED_PRE_R10,NOT_GENERATED_PRE_R10,NOT_APPLICABLE_SUPPORTING_DESCRIPTIVE,PRE_R10_SUPPORTING_DESCRIPTIVE_RESULT_AWARE__NO_NEW_CONFIRMATORY_INFERENCE
24,E2_ROLLING__DT-RAMDE_TS2_FULL__VS__NO_EXECUTION_FEEDBACK,E2_ROLLING,DT-RAMDE_TS2_FULL,NO_EXECUTION_FEEDBACK,32,32,160,0.201875,0.22500000000000001,0.023125000000000007,0.02,POSITIVE_FAVORS_PROPOSED,0.022187499999999999,0.00093750000000000051,0,-2.7755575615628915e-18,NOT_GENERATED_PRE_R10,NOT_GENERATED_PRE_R10,NOT_APPLICABLE_SUPPORTING_DESCRIPTIVE,PRE_R10_SUPPORTING_DESCRIPTIVE_RESULT_AWARE__NO_NEW_CONFIRMATORY_INFERENCE
25,E2_ROLLING__DT-RAMDE_TS2_FULL__VS__NO_REJECTION_CREDIT,E2_ROLLING,DT-RAMDE_TS2_FULL,NO_REJECTION_CREDIT,32,32,160,0.201875,0.22875000000000001,0.026874999999999996,0.02,POSITIVE_FAVORS_PROPOSED,0.024687500000000001,0.0021874999999999998,0,6.9388939039072317e-19,NOT_GENERATED_PRE_R10,NOT_GENERATED_PRE_R10,NOT_APPLICABLE_SUPPORTING_DESCRIPTIVE,PRE_R10_SUPPORTING_DESCRIPTIVE_RESULT_AWARE__NO_NEW_CONFIRMATORY_INFERENCE
26,E2_ROLLING__DT-RAMDE_TS2_FULL__VS__NO_MEMORY_RESET_GATE,E2_ROLLING,DT-RAMDE_TS2_FULL,NO_MEMORY_RESET_GATE,32,32,160,0.201875,0.26250000000000001,0.060624999999999998,0.02,POSITIVE_FAVORS_PROPOSED,0.055937500000000001,0.004687499999999999,0,1.7347234759768071e-18,NOT_GENERATED_PRE_R10,NOT_GENERATED_PRE_R10,NOT_APPLICABLE_SUPPORTING_DESCRIPTIVE,PRE_R10_SUPPORTING_DESCRIPTIVE_RESULT_AWARE__NO_NEW_CONFIRMATORY_INFERENCE
27,E2_ROLLING__DT-RAMDE_TS2_FULL__VS__NO_LINEAGE_CREDIT,E2_ROLLING,DT-RAMDE_TS2_FULL,NO_LINEAGE_CREDIT,32,32,160,0.201875,0.20125000000000001,-0.00062500000000000045,0.02,SMALL_OR_NULL,-0.00031249999999999952,-0.00031250000000000049,0,6.9388939039072317e-19,NOT_GENERATED_PRE_R10,NOT_GENERATED_PRE_R10,NOT_APPLICABLE_SUPPORTING_DESCRIPTIVE,PRE_R10_SUPPORTING_DESCRIPTIVE_RESULT_AWARE__NO_NEW_CONFIRMATORY_INFERENCE
28,E2_ROLLING__DT-RAMDE_TS2_FULL__VS__CROSS_EVENT_WARM_START_ONLY,E2_ROLLING,DT-RAMDE_TS2_FULL,CROSS_EVENT_WARM_START_ONLY,32,32,160,0.201875,0.2315625,0.029687500000000006,0.02,POSITIVE_FAVORS_PROPOSED,0.026875,0.0028124999999999999,0,3.4694469519536153e-19,NOT_GENERATED_PRE_R10,NOT_GENERATED_PRE_R10,NOT_APPLICABLE_SUPPORTING_DESCRIPTIVE,PRE_R10_SUPPORTING_DESCRIPTIVE_RESULT_AWARE__NO_NEW_CONFIRMATORY_INFERENCE
29,E2_ROLLING__DT-RAMDE_TS2_FULL__VS__CROSS_EVENT_MEMORY_ONLY,E2_ROLLING,DT-RAMDE_TS2_FULL,CROSS_EVENT_MEMORY_ONLY,32,32,160,0.201875,0.1940625,-0.0078125000000000017,0.02,SMALL_OR_NULL,-0.0081249999999999985,0.00031250000000000006,0,2.8888949165808538e-34,NOT_GENERATED_PRE_R10,NOT_GENERATED_PRE_R10,NOT_APPLICABLE_SUPPORTING_DESCRIPTIVE,PRE_R10_SUPPORTING_DESCRIPTIVE_RESULT_AWARE__NO_NEW_CONFIRMATORY_INFERENCE
30,E2_ROLLING__DT-RAMDE_TS2_FULL__VS__SHADE_ONLY,E2_ROLLING,DT-RAMDE_TS2_FULL,SHADE_ONLY,32,32,160,0.201875,0.1834375,-0.018437499999999999,0.02,SMALL_OR_NULL,-0.014687499999999999,-0.0037499999999999994,0,1.3877787807814458e-18,NOT_GENERATED_PRE_R10,NOT_GENERATED_PRE_R10,NOT_APPLICABLE_SUPPORTING_DESCRIPTIVE,PRE_R10_SUPPORTING_DESCRIPTIVE_RESULT_AWARE__NO_NEW_CONFIRMATORY_INFERENCE
