hypothesis_index,hypothesis_id,family_id,analysis_workload_id,endpoint_id,proposed_method_id,comparator_method_id,effect_size_type,expected_top_level_clusters,available_top_level_clusters,missing_top_level_clusters,expected_nested_pairs,available_nested_pairs,point_estimate,ci_lower_95,ci_upper_95,fas_worst_case_bound,fas_best_case_bound,practical_threshold,practical_effect_class,sign_flip_extreme_count,sign_flip_replicates,p_unadjusted,p_holm,holm_reject_0_05
1,E1_STATIC__F22_MG_STATIC__VS__MATCHED_FIXED_DE_PARETO__ANYTIME_NHV_AUC,E1_PRIMARY_ANYTIME,E1_STATIC,ANYTIME_NHV_AUC,F22_MG_STATIC,MATCHED_FIXED_DE_PARETO,PAIRED_MACRO_MEAN_DIFFERENCE,14,14,0,140,140,0.012088777210743321,-0.0078392069398613637,0.033006609587312573,0.012088777210743321,0.012088777210743321,0.02,SMALL_OR_NULL,21958,100000,0.21958780412195877,0.8783512164878351,false
2,E1_STATIC__F22_MG_STATIC__VS__MATCHED_JDE_STYLE_PARETO__ANYTIME_NHV_AUC,E1_PRIMARY_ANYTIME,E1_STATIC,ANYTIME_NHV_AUC,F22_MG_STATIC,MATCHED_JDE_STYLE_PARETO,PAIRED_MACRO_MEAN_DIFFERENCE,14,14,0,140,140,0.010984069968956464,-0.012364249619603052,0.033675919532435393,0.010984069968956464,0.010984069968956464,0.02,SMALL_OR_NULL,27440,100000,0.27440725592744075,0.8783512164878351,false
3,E1_STATIC__F22_MG_STATIC__VS__MATCHED_SHADE_STYLE_PARETO__ANYTIME_NHV_AUC,E1_PRIMARY_ANYTIME,E1_STATIC,ANYTIME_NHV_AUC,F22_MG_STATIC,MATCHED_SHADE_STYLE_PARETO,PAIRED_MACRO_MEAN_DIFFERENCE,14,14,0,140,140,0.0024537440849317338,-0.013177740987034231,0.018091677190838245,0.0024537440849317338,0.0024537440849317338,0.02,SMALL_OR_NULL,59699,100000,0.59699403005969942,1,false
4,E1_STATIC__F22_MG_STATIC__VS__JMETALPY_1_7_GDE3_STANDARD_PARETO_DE__ANYTIME_NHV_AUC,E1_PRIMARY_ANYTIME,E1_STATIC,ANYTIME_NHV_AUC,F22_MG_STATIC,JMETALPY_1_7_GDE3_STANDARD_PARETO_DE,PAIRED_MACRO_MEAN_DIFFERENCE,14,14,0,140,140,0.013785555360517817,-0.0021585446378478228,0.032859449196258661,0.013785555360517817,0.013785555360517817,0.02,SMALL_OR_NULL,7726,100000,0.077269227307726923,0.38634613653863459,false
5,E1_STATIC__F22_MG_STATIC__VS__JMETALPY_1_7_NSGAII_STATIC_CMOEA__ANYTIME_NHV_AUC,E1_PRIMARY_ANYTIME,E1_STATIC,ANYTIME_NHV_AUC,F22_MG_STATIC,JMETALPY_1_7_NSGAII_STATIC_CMOEA,PAIRED_MACRO_MEAN_DIFFERENCE,14,14,0,140,140,0.024619179657830816,0.00021183301563687014,0.051281800739130322,0.024619179657830816,0.024619179657830816,0.02,POSITIVE,3861,100000,0.03861961380386196,0.23171768282317176,false
6,E1_DYNAMIC__DT-RAMDE_TS2_FULL__VS__MATCHED_FIXED_DE_PARETO__ANYTIME_NHV_AUC,E1_PRIMARY_ANYTIME,E1_DYNAMIC,ANYTIME_NHV_AUC,DT-RAMDE_TS2_FULL,MATCHED_FIXED_DE_PARETO,PAIRED_MACRO_MEAN_DIFFERENCE,15,14,1,150,140,0.21541482444618046,0.16274669100166445,0.26430830046973181,0.13438716948310175,0.26772050281643511,0.02,POSITIVE,11,100000,0.00011999880001199988,0.00095999040009599906,true
7,E1_DYNAMIC__DT-RAMDE_TS2_FULL__VS__MATCHED_JDE_STYLE_PARETO__ANYTIME_NHV_AUC,E1_PRIMARY_ANYTIME,E1_DYNAMIC,ANYTIME_NHV_AUC,DT-RAMDE_TS2_FULL,MATCHED_JDE_STYLE_PARETO,PAIRED_MACRO_MEAN_DIFFERENCE,15,14,1,150,140,0.17930128568406631,0.14006373038820916,0.21618747902545499,0.10068119997179521,0.23401453330512856,0.02,POSITIVE,0,100000,9.9999000009999908e-06,0.00014999850001499987,true
8,E1_DYNAMIC__DT-RAMDE_TS2_FULL__VS__MATCHED_SHADE_STYLE_PARETO__ANYTIME_NHV_AUC,E1_PRIMARY_ANYTIME,E1_DYNAMIC,ANYTIME_NHV_AUC,DT-RAMDE_TS2_FULL,MATCHED_SHADE_STYLE_PARETO,PAIRED_MACRO_MEAN_DIFFERENCE,15,14,1,150,140,0.19348745939252768,0.15225336480812843,0.23165590336106054,0.11392162876635915,0.2472549620996925,0.02,POSITIVE,9,100000,9.9999000009999897e-05,0.00089999100008999913,true
9,E1_DYNAMIC__DT-RAMDE_TS2_FULL__VS__JMETALPY_1_7_GDE3_STANDARD_PARETO_DE__ANYTIME_NHV_AUC,E1_PRIMARY_ANYTIME,E1_DYNAMIC,ANYTIME_NHV_AUC,DT-RAMDE_TS2_FULL,JMETALPY_1_7_GDE3_STANDARD_PARETO_DE,PAIRED_MACRO_MEAN_DIFFERENCE,15,14,1,150,140,0.21577843349255471,0.16452375100640521,0.26465651374714316,0.13472653792638439,0.26805987125971775,0.02,POSITIVE,19,100000,0.00019999800001999979,0.0013999860001399985,true
10,E1_DYNAMIC__DT-RAMDE_TS2_FULL__VS__JMETALPY_1_7_NSGAII_DYNAMIC_RESTART_BRIDGE__ANYTIME_NHV_AUC,E1_PRIMARY_ANYTIME,E1_DYNAMIC,ANYTIME_NHV_AUC,DT-RAMDE_TS2_FULL,JMETALPY_1_7_NSGAII_DYNAMIC_RESTART_BRIDGE,PAIRED_MACRO_MEAN_DIFFERENCE,15,14,1,150,140,0.0042426257529801226,-0.014516335431036967,0.02083866117270328,-0.06270688263055188,0.070626450702781438,0.02,SMALL_OR_NULL,65464,100000,0.65464345356546438,1,false
11,E1_ROLLING__DT-RAMDE_TS2_FULL__VS__MATCHED_FIXED_DE_PARETO__ANYTIME_NHV_AUC,E1_PRIMARY_ANYTIME,E1_ROLLING,ANYTIME_NHV_AUC,DT-RAMDE_TS2_FULL,MATCHED_FIXED_DE_PARETO,PAIRED_MACRO_MEAN_DIFFERENCE,32,32,0,160,160,0.079170655193704684,0.052707828044200454,0.10258593450066768,0.079170655193704684,0.079170655193704684,0.02,POSITIVE,0,100000,9.9999000009999908e-06,0.00014999850001499987,true
12,E1_ROLLING__DT-RAMDE_TS2_FULL__VS__MATCHED_JDE_STYLE_PARETO__ANYTIME_NHV_AUC,E1_PRIMARY_ANYTIME,E1_ROLLING,ANYTIME_NHV_AUC,DT-RAMDE_TS2_FULL,MATCHED_JDE_STYLE_PARETO,PAIRED_MACRO_MEAN_DIFFERENCE,32,32,0,160,160,0.076466245028827901,0.051121355165820975,0.098066709823656922,0.076466245028827901,0.076466245028827901,0.02,POSITIVE,0,100000,9.9999000009999908e-06,0.00014999850001499987,true
13,E1_ROLLING__DT-RAMDE_TS2_FULL__VS__MATCHED_SHADE_STYLE_PARETO__ANYTIME_NHV_AUC,E1_PRIMARY_ANYTIME,E1_ROLLING,ANYTIME_NHV_AUC,DT-RAMDE_TS2_FULL,MATCHED_SHADE_STYLE_PARETO,PAIRED_MACRO_MEAN_DIFFERENCE,32,32,0,160,160,0.11391677034355971,0.086789350635532655,0.138546481648394,0.11391677034355971,0.11391677034355971,0.02,POSITIVE,0,100000,9.9999000009999908e-06,0.00014999850001499987,true
14,E1_ROLLING__DT-RAMDE_TS2_FULL__VS__JMETALPY_1_7_GDE3_STANDARD_PARETO_DE__ANYTIME_NHV_AUC,E1_PRIMARY_ANYTIME,E1_ROLLING,ANYTIME_NHV_AUC,DT-RAMDE_TS2_FULL,JMETALPY_1_7_GDE3_STANDARD_PARETO_DE,PAIRED_MACRO_MEAN_DIFFERENCE,32,32,0,160,160,0.079691238944080756,0.05276108412865415,0.10323905233802229,0.079691238944080756,0.079691238944080756,0.02,POSITIVE,0,100000,9.9999000009999908e-06,0.00014999850001499987,true
15,E1_ROLLING__DT-RAMDE_TS2_FULL__VS__JMETALPY_1_7_NSGAII_DYNAMIC_RESTART_BRIDGE__ANYTIME_NHV_AUC,E1_PRIMARY_ANYTIME,E1_ROLLING,ANYTIME_NHV_AUC,DT-RAMDE_TS2_FULL,JMETALPY_1_7_NSGAII_DYNAMIC_RESTART_BRIDGE,PAIRED_MACRO_MEAN_DIFFERENCE,32,32,0,160,160,-0.075291706230173505,-0.10298707208031008,-0.053699461864353003,-0.075291706230173505,-0.075291706230173505,0.02,NEGATIVE,0,100000,9.9999000009999908e-06,0.00014999850001499987,true
16,E2_DYNAMIC__DT-RAMDE_TS2_FULL__VS__NO_CROSS_EVENT_MEMORY__TRANSFER_EARLY_AUC,E2_DYNAMIC_TRANSFER,E2_DYNAMIC,TRANSFER_EARLY_AUC,DT-RAMDE_TS2_FULL,NO_CROSS_EVENT_MEMORY,PAIRED_MACRO_MEAN_DIFFERENCE,15,14,1,150,140,0.26035218884506756,0.19900704507985353,0.31656858625645634,0.1763287095887297,0.30966204292206301,0.029999999999999999,POSITIVE,9,100000,9.9999000009999897e-05,0.00059999400005999938,true
17,E2_DYNAMIC__DT-RAMDE_TS2_FULL__VS__NO_REJECTION_CREDIT__TRANSFER_EARLY_AUC,E2_DYNAMIC_TRANSFER,E2_DYNAMIC,TRANSFER_EARLY_AUC,DT-RAMDE_TS2_FULL,NO_REJECTION_CREDIT,PAIRED_MACRO_MEAN_DIFFERENCE,15,14,1,150,140,-0.00047759199389558826,-0.006653547283280898,0.0048738337886484505,-0.067112419194302539,0.066220914139030793,0.029999999999999999,SMALL_OR_NULL,56827,100000,0.56827431725682742,0.76003239967600322,false
18,E2_DYNAMIC__DT-RAMDE_TS2_FULL__VS__NO_MEMORY_RESET_GATE__TRANSFER_EARLY_AUC,E2_DYNAMIC_TRANSFER,E2_DYNAMIC,TRANSFER_EARLY_AUC,DT-RAMDE_TS2_FULL,NO_MEMORY_RESET_GATE,PAIRED_MACRO_MEAN_DIFFERENCE,15,14,1,150,140,0.0027853847283544112,-0.0056229287039234327,0.013915105189610607,-0.064066974253535885,0.06926635907979746,0.029999999999999999,SMALL_OR_NULL,38001,100000,0.38001619983800161,0.76003239967600322,false
19,E2_DYNAMIC__DT-RAMDE_TS2_FULL__VS__NO_LINEAGE_CREDIT__TRANSFER_EARLY_AUC,E2_DYNAMIC_TRANSFER,E2_DYNAMIC,TRANSFER_EARLY_AUC,DT-RAMDE_TS2_FULL,NO_LINEAGE_CREDIT,PAIRED_MACRO_MEAN_DIFFERENCE,15,14,1,150,140,-0.0038850390760309999,-0.013605513003983894,0.0029277873820050325,-0.070292703137628934,0.063040630195704397,0.029999999999999999,SMALL_OR_NULL,16479,100000,0.16479835201647983,0.49439505604943945,false
20,E2_DYNAMIC__DT-RAMDE_TS2_FULL__VS__CROSS_EVENT_WARM_START_ONLY__TRANSFER_EARLY_AUC,E2_DYNAMIC_TRANSFER,E2_DYNAMIC,TRANSFER_EARLY_AUC,DT-RAMDE_TS2_FULL,CROSS_EVENT_WARM_START_ONLY,PAIRED_MACRO_MEAN_DIFFERENCE,15,14,1,150,140,0.0052610121794958789,-0.0017972600292114171,0.015096226743710502,-0.061756388632470509,0.071576944700862816,0.029999999999999999,SMALL_OR_NULL,8464,100000,0.084649153508464914,0.33859661403385966,false
21,E2_DYNAMIC__DT-RAMDE_TS2_FULL__VS__CROSS_EVENT_MEMORY_ONLY__TRANSFER_EARLY_AUC,E2_DYNAMIC_TRANSFER,E2_DYNAMIC,TRANSFER_EARLY_AUC,DT-RAMDE_TS2_FULL,CROSS_EVENT_MEMORY_ONLY,PAIRED_MACRO_MEAN_DIFFERENCE,15,14,1,150,140,0.26484051127567104,0.20367628215951053,0.32365922120325397,0.18051781052395963,0.31385114385729296,0.029999999999999999,POSITIVE,0,100000,9.9999000009999908e-06,6.9999300006999934e-05,true
22,E2_DYNAMIC__DT-RAMDE_TS2_FULL__VS__SHADE_ONLY__TRANSFER_EARLY_AUC,E2_DYNAMIC_TRANSFER,E2_DYNAMIC,TRANSFER_EARLY_AUC,DT-RAMDE_TS2_FULL,SHADE_ONLY,PAIRED_MACRO_MEAN_DIFFERENCE,15,14,1,150,140,0.26048064000104604,0.19884199627285845,0.3170449939660327,0.17644859733430962,0.30978193066764292,0.029999999999999999,POSITIVE,12,100000,0.00012999870001299986,0.00064999350006499936,true
23,E2_ROLLING__DT-RAMDE_TS2_FULL__VS__NO_CROSS_EVENT_MEMORY__TRANSFER_EARLY_AUC,E2_ROLLING_TRANSFER,E2_ROLLING,TRANSFER_EARLY_AUC,DT-RAMDE_TS2_FULL,NO_CROSS_EVENT_MEMORY,PAIRED_MACRO_MEAN_DIFFERENCE,32,32,0,160,160,0.19517142132835316,0.17041437270829016,0.21983610033559961,0.19517142132835316,0.19517142132835316,0.029999999999999999,POSITIVE,0,100000,9.9999000009999908e-06,7.9999200007999926e-05,true
24,E2_ROLLING__DT-RAMDE_TS2_FULL__VS__NO_EXECUTION_FEEDBACK__TRANSFER_EARLY_AUC,E2_ROLLING_TRANSFER,E2_ROLLING,TRANSFER_EARLY_AUC,DT-RAMDE_TS2_FULL,NO_EXECUTION_FEEDBACK,PAIRED_MACRO_MEAN_DIFFERENCE,32,32,0,160,160,-0.14894920970571995,-0.18190299016479505,-0.11541770435201257,-0.14894920970571995,-0.14894920970571995,0.029999999999999999,NEGATIVE,0,100000,9.9999000009999908e-06,7.9999200007999926e-05,true
25,E2_ROLLING__DT-RAMDE_TS2_FULL__VS__NO_REJECTION_CREDIT__TRANSFER_EARLY_AUC,E2_ROLLING_TRANSFER,E2_ROLLING,TRANSFER_EARLY_AUC,DT-RAMDE_TS2_FULL,NO_REJECTION_CREDIT,PAIRED_MACRO_MEAN_DIFFERENCE,32,32,0,160,160,-0.034579128011344114,-0.056738316555003318,-0.012583323887146476,-0.034579128011344114,-0.034579128011344114,0.029999999999999999,NEGATIVE,74,100000,0.0007499925000749992,0.0014999850001499984,true
26,E2_ROLLING__DT-RAMDE_TS2_FULL__VS__NO_MEMORY_RESET_GATE__TRANSFER_EARLY_AUC,E2_ROLLING_TRANSFER,E2_ROLLING,TRANSFER_EARLY_AUC,DT-RAMDE_TS2_FULL,NO_MEMORY_RESET_GATE,PAIRED_MACRO_MEAN_DIFFERENCE,32,32,0,160,160,-0.1705100575467775,-0.19937582405855886,-0.14051583484705402,-0.1705100575467775,-0.1705100575467775,0.029999999999999999,NEGATIVE,0,100000,9.9999000009999908e-06,7.9999200007999926e-05,true
27,E2_ROLLING__DT-RAMDE_TS2_FULL__VS__NO_LINEAGE_CREDIT__TRANSFER_EARLY_AUC,E2_ROLLING_TRANSFER,E2_ROLLING,TRANSFER_EARLY_AUC,DT-RAMDE_TS2_FULL,NO_LINEAGE_CREDIT,PAIRED_MACRO_MEAN_DIFFERENCE,32,32,0,160,160,0.0052340174122410829,-0.011213345010675141,0.021962541064807946,0.0052340174122410829,0.0052340174122410829,0.029999999999999999,SMALL_OR_NULL,27505,100000,0.2750572494275057,0.2750572494275057,false
28,E2_ROLLING__DT-RAMDE_TS2_FULL__VS__CROSS_EVENT_WARM_START_ONLY__TRANSFER_EARLY_AUC,E2_ROLLING_TRANSFER,E2_ROLLING,TRANSFER_EARLY_AUC,DT-RAMDE_TS2_FULL,CROSS_EVENT_WARM_START_ONLY,PAIRED_MACRO_MEAN_DIFFERENCE,32,32,0,160,160,-0.17994927295614177,-0.20907266019135104,-0.1500424872852977,-0.17994927295614177,-0.17994927295614177,0.029999999999999999,NEGATIVE,0,100000,9.9999000009999908e-06,7.9999200007999926e-05,true
29,E2_ROLLING__DT-RAMDE_TS2_FULL__VS__CROSS_EVENT_MEMORY_ONLY__TRANSFER_EARLY_AUC,E2_ROLLING_TRANSFER,E2_ROLLING,TRANSFER_EARLY_AUC,DT-RAMDE_TS2_FULL,CROSS_EVENT_MEMORY_ONLY,PAIRED_MACRO_MEAN_DIFFERENCE,32,32,0,160,160,0.20144603103160286,0.17725694981018025,0.22548389694860552,0.20144603103160286,0.20144603103160286,0.029999999999999999,POSITIVE,0,100000,9.9999000009999908e-06,7.9999200007999926e-05,true
30,E2_ROLLING__DT-RAMDE_TS2_FULL__VS__SHADE_ONLY__TRANSFER_EARLY_AUC,E2_ROLLING_TRANSFER,E2_ROLLING,TRANSFER_EARLY_AUC,DT-RAMDE_TS2_FULL,SHADE_ONLY,PAIRED_MACRO_MEAN_DIFFERENCE,32,32,0,160,160,0.2035390451965633,0.17849730929596461,0.22807477976721419,0.2035390451965633,0.2035390451965633,0.029999999999999999,POSITIVE,0,100000,9.9999000009999908e-06,7.9999200007999926e-05,true
